Series Name,Series Code,Country Name,Country Code,1990 [YR1990],2000 [YR2000],2014 [YR2014],2015 [YR2015],2016 [YR2016],2017 [YR2017],2018 [YR2018],2019 [YR2019],2020 [YR2020],2021 [YR2021],2022 [YR2022],2023 [YR2023]
Net migration,SM.POP.NETM,Afghanistan,AFG,-666001,-1007135,255611,-281739,-90238,-47090,-47205,-8082,166821,-183672,-65846,-65846
Net migration,SM.POP.NETM,Albania,ALB,-52723,-63610,-14265,-12240,-10887,-9768,-9106,-8889,-9117,-10612,-8000,-8000
Net migration,SM.POP.NETM,Algeria,DZA,-21641,-18994,-36088,-36371,-36227,-36448,-36227,-36386,-18797,-18797,-9999,-9999
Net migration,SM.POP.NETM,American Samoa,ASM,-251,-1158,-1602,-1629,-1641,-1652,-1652,-1650,-1636,-1646,-810,-790
Net migration,SM.POP.NETM,Andorra,AND,1589,146,-84,-232,1303,887,1184,1238,1474,1377,200,200
Net migration,SM.POP.NETM,Angola,AGO,47663,53527,84532,74170,91623,77733,61632,58986,7557,29089,-1000,-1000
Net migration,SM.POP.NETM,Antigua and Barbuda,ATG,-1145,271,108,60,16,0,0,0,0,0,0,0
Net migration,SM.POP.NETM,Argentina,ARG,6021,-22770,5801,5522,5215,4926,4690,4478,2344,2344,3886,3718
Net migration,SM.POP.NETM,Armenia,ARM,2119,-51873,-27763,-27283,-26804,-26326,-25835,-25363,-12825,-12825,-5000,-5000
Net migration,SM.POP.NETM,Aruba,ABW,879,1235,88,177,170,218,367,412,0,501,164,157
Net migration,SM.POP.NETM,Australia,AUS,95996,109375,198120,209466,242184,244875,220307,235860,117929,117929,139991,139991
Net migration,SM.POP.NETM,Austria,AUT,59606,17531,74263,115125,66282,45573,35404,41105,20314,20314,19999,19999
Net migration,SM.POP.NETM,Azerbaijan,AZE,-28017,15938,1084,1084,1484,1184,1583,392,1084,1084,0,0
Net migration,SM.POP.NETM,"Bahamas, The",BHS,241,843,1001,1001,1001,1001,1001,1001,0,485,1000,1000
Net migration,SM.POP.NETM,Bahrain,BHR,4605,6264,36320,29250,29052,29024,-3601,-17127,-48716,-9150,0,0
Net migration,SM.POP.NETM,Bangladesh,BGD,-200144,-424718,-219628,-286512,-55013,-175755,-323380,-344054,-61154,-174500,-309977,-309977
Net migration,SM.POP.NETM,Barbados,BRB,-1295,-833,-65,-65,-65,-65,-65,-65,0,-28,-80,-80
Net migration,SM.POP.NETM,Belarus,BLR,4246,-10419,12222,13681,15258,15937,15731,15082,13589,12961,30308,-4282
Net migration,SM.POP.NETM,Belgium,BEL,6752,32262,57103,57008,56781,56248,55439,54395,53428,52356,23999,23999
Net migration,SM.POP.NETM,Belize,BLZ,-1793,1678,1452,1363,1283,1222,1185,1164,0,577,600,600
Net migration,SM.POP.NETM,Benin,BEN,-337,3337,3667,3366,3827,3716,3368,3363,1732,1732,-200,-200
Net migration,SM.POP.NETM,Bermuda,BMU,-96,-67,-233,-315,0,227,306,290,291,291,0,0
Net migration,SM.POP.NETM,Bhutan,BTN,-996,6069,-870,-1171,-521,291,291,291,291,291,300,300
Net migration,SM.POP.NETM,Bolivia,BOL,-21915,-17675,-10972,-10525,-10071,-9669,-9345,-8978,-4666,-4666,-3000,-3000
Net migration,SM.POP.NETM,Bosnia and Herzegovina,BIH,-22827,8141,-35709,-33976,-32195,-30669,-29154,-27848,-26857,-25865,-500,-500
Net migration,SM.POP.NETM,Botswana,BWA,4144,7970,1138,2145,3129,3761,3819,2933,1816,1816,3000,3000
Net migration,SM.POP.NETM,Brazil,BRA,6457,-1761,24940,4764,82589,56362,67934,69186,56880,20376,6425,6000
Net migration,SM.POP.NETM,British Virgin Islands,VGB,381,326,260,302,275,281,221,253,272,128,200,200
Net migration,SM.POP.NETM,Brunei Darussalam,BRN,1670,1660,-444,-485,-539,-587,-638,-587,-395,-192,0,0
Net migration,SM.POP.NETM,Bulgaria,BGR,-29479,-11295,-15527,-15356,-14947,-13560,-12115,-11439,-9902,-8716,-4800,-4800
Net migration,SM.POP.NETM,Burkina Faso,BFA,-33043,3880,-18009,-19754,-7603,-14801,-23971,-25277,-5665,-13097,-24998,-24998
Net migration,SM.POP.NETM,Burundi,BDI,-39996,-40114,-6856,-236447,-109490,-68450,68145,14241,-10186,-14415,2000,2000
Net migration,SM.POP.NETM,Cabo Verde,CPV,-3499,-2722,-1534,-1474,-1408,-1354,-1323,-1296,-1274,-1274,-1256,-1227
Net migration,SM.POP.NETM,Cambodia,KHM,56166,-4248,-48942,-52272,-40577,-45720,-51685,-55607,-22308,-24262,-29998,-29998
Net migration,SM.POP.NETM,Cameroon,CMR,-8163,-21221,96607,42007,13251,-37910,-9185,-12254,-9889,-9889,-4800,-4800
Net migration,SM.POP.NETM,Canada,CAN,145270,201617,195649,232738,320494,361274,417974,391914,195181,195181,248586,249746
Net migration,SM.POP.NETM,Cayman Islands,CYM,1010,1020,980,1079,1077,1106,1054,973,766,276,400,400
Net migration,SM.POP.NETM,Central African Republic,CAF,2000,8082,-174543,-63213,-52758,-58734,-53083,-36942,-24803,-85860,-17463,-14716
Net migration,SM.POP.NETM,Chad,TCD,-58912,-3839,20842,-48918,21546,16916,46664,-9469,9016,9016,-2000,-2000
Net migration,SM.POP.NETM,Channel Islands,CHI,864,60,543,1396,1180,1429,2353,1566,1362,1242,900,900
Net migration,SM.POP.NETM,Chile,CHL,-5253,5790,52709,55709,126525,214697,237358,230162,98439,113709,-66850,-71205
Net migration,SM.POP.NETM,China,CHN,-290067,-549792,-198432,-155379,-153054,-180592,-296674,-302609,-33649,-200194,-311380,-310220
Net migration,SM.POP.NETM,Colombia,COL,-17237,-31116,-67516,-41064,79978,415618,494364,395803,229437,211978,-167924,-175051
Net migration,SM.POP.NETM,Comoros,COM,-1194,-2971,-1569,-1349,-1136,-2922,-2919,-2917,-1772,-1772,-2000,-2000
Net migration,SM.POP.NETM,"Congo, Dem. Rep.",COD,183750,-48028,36966,47831,173022,4350,-124242,-144916,-1643,-64643,-14999,-14999
Net migration,SM.POP.NETM,"Congo, Rep.",COG,-400,79780,-21600,-18219,-14788,-11604,-8858,-6271,-4465,-4466,-1000,-1000
Net migration,SM.POP.NETM,Costa Rica,CRI,7941,13590,3996,4065,4150,4196,4198,4154,2084,2084,3850,3750
Net migration,SM.POP.NETM,Cote d'Ivoire,CIV,62979,-63877,-23011,-21498,-20148,-18758,-17190,-15520,-12301,-21000,6000,6000
Net migration,SM.POP.NETM,Croatia,HRV,-7183,-50791,-12849,-13408,-13569,-13654,-13171,-12480,-11592,-10402,-2000,-2000
Net migration,SM.POP.NETM,Cuba,CUB,-15438,-24942,-14543,-14372,-14454,-14498,-14219,-13686,-7068,-7068,-6000,-6000
Net migration,SM.POP.NETM,Curacao,CUW,-2447,-2632,1065,844,647,535,25591,-9592,997,502,515,515
Net migration,SM.POP.NETM,Cyprus,CYP,2551,11577,4467,4655,4878,5014,4977,4948,2999,1995,5000,5000
Net migration,SM.POP.NETM,Czechia,CZE,-4187,4195,5009,5297,-300,2809,3193,4030,3621,3621,22011,22011
Net migration,SM.POP.NETM,Denmark,DNK,9449,12536,21670,22368,22859,23188,23337,23305,23076,22746,19999,19999
Net migration,SM.POP.NETM,Djibouti,DJI,49970,5627,1900,1723,1623,1535,1435,1322,744,742,900,900
Net migration,SM.POP.NETM,Dominica,DMA,-1553,-994,1445,-393,179,187,194,326,100,57,-40,-40
Net migration,SM.POP.NETM,Dominican Republic,DOM,-27399,-30231,-30449,-30310,-30181,-30055,-29944,-29830,-14966,-14966,-29294,-29099
Net migration,SM.POP.NETM,Ecuador,ECU,-15159,-41899,2288,14740,27063,49359,153372,71801,35894,35894,-20206,-21525
Net migration,SM.POP.NETM,"Egypt, Arab Rep.",EGY,6995,-2815,5961,-79150,4132,-23281,-61050,-59715,4476,-32370,-29998,-29998
Net migration,SM.POP.NETM,El Salvador,SLV,-39690,-97219,-49130,-51282,-47499,-50616,-54158,-55143,-25214,-27343,-23249,-23249
Net migration,SM.POP.NETM,Equatorial Guinea,GNQ,3506,15352,18051,17694,17109,16395,15583,14695,0,6486,4000,4000
Net migration,SM.POP.NETM,Eritrea,ERI,-12442,-33196,-75830,-53049,-55530,-38636,-21435,-29849,-14987,-14988,-17152,-15297
Net migration,SM.POP.NETM,Estonia,EST,-2798,-3230,-562,4308,1164,5329,7229,5410,2995,2995,-1000,-1000
Net migration,SM.POP.NETM,Eswatini,SWZ,7169,-6689,-10586,-10464,-10295,-10127,-9956,-9796,-4897,-4897,-5733,-5268
Net migration,SM.POP.NETM,Ethiopia,ETH,296018,-49892,103119,62784,115812,71769,9309,-10803,38867,-1391,-11999,-11999
Net migration,SM.POP.NETM,Faroe Islands,FRO,-1147,332,-111,542,537,622,653,580,498,0,0,0
Net migration,SM.POP.NETM,Fiji,FJI,-10612,-6081,-11023,-11047,-11139,-11605,-11738,-11865,-6003,-6003,-3557,-3289
Net migration,SM.POP.NETM,Finland,FIN,8864,2428,15950,12433,17210,13307,11646,15558,17482,14928,13999,13999
Net migration,SM.POP.NETM,France,FRA,11404,102857,26585,18807,14729,13175,14391,17403,18335,20614,66601,67761
Net migration,SM.POP.NETM,French Polynesia,PYF,-904,-460,-1668,-1676,-1687,-1046,-952,-861,-378,-378,-100,-100
Net migration,SM.POP.NETM,Gabon,GAB,995,3086,16566,12041,7395,4019,2893,2230,1514,1516,1000,1000
Net migration,SM.POP.NETM,"Gambia, The",GMB,11239,-3676,-2797,-3224,-3477,-3694,-3936,-4186,-1960,-1960,-3000,-3000
Net migration,SM.POP.NETM,Georgia,GEO,-108964,-135044,-16045,-13317,-10591,-7886,-5174,-5414,-2734,-2734,-9999,-9999
Net migration,SM.POP.NETM,Germany,DEU,479954,60905,369027,397921,432017,430803,392587,360560,334055,312735,154592,155751
Net migration,SM.POP.NETM,Ghana,GHA,-46822,-4208,-6316,-13308,7014,-4914,-19374,-21860,-297,-11253,-9999,-9999
Net migration,SM.POP.NETM,Gibraltar,GIB,-666,-147,-101,-101,-101,-58,-58,-58,-58,-58,-24,-24
Net migration,SM.POP.NETM,Greece,GRC,74412,35798,-30228,-29315,-27234,-25061,-23600,-21581,-17853,-14806,5000,5000
Net migration,SM.POP.NETM,Greenland,GRL,-672,-264,-529,-348,-374,-383,-357,-338,-150,-62,-100,-100
Net migration,SM.POP.NETM,Grenada,GRD,-1998,-586,-190,-190,-190,-190,-190,-190,0,-85,-200,-200
Net migration,SM.POP.NETM,Guam,GUM,-570,-1566,-1852,-1852,-1852,-1852,-1850,-1852,-244,-244,-500,-500
Net migration,SM.POP.NETM,Guatemala,GTM,-30399,-66153,-40409,-48162,-39266,-48049,-56884,-58095,-23142,-29118,-9128,-9110
Net migration,SM.POP.NETM,Guinea,GIN,107641,-77558,-22750,-15127,-14196,-13726,-9195,-3243,-4364,-4367,-4000,-4000
Net migration,SM.POP.NETM,Guinea-Bissau,GNB,-8150,-6971,-1393,-1393,-1392,-1398,-1396,-1395,-1394,-1395,-1400,-1400
Net migration,SM.POP.NETM,Guyana,GUY,-21639,-13176,-6715,-6524,-6311,-6110,30080,-24678,802,-4316,-3900,-3900
Net migration,SM.POP.NETM,Haiti,HTI,-26101,-27098,-31416,-32698,-33902,-34766,-35007,-34635,-33872,-32977,-32248,-31811
Net migration,SM.POP.NETM,Honduras,HND,-15350,-10762,-6302,-6512,-6685,-6782,-6768,-6550,-6199,-5779,-5374,-5034
Net migration,SM.POP.NETM,"Hong Kong SAR, China",HKG,42265,60719,22372,13061,0,0,0,0,0,0,19999,19999
Net migration,SM.POP.NETM,Hungary,HUN,17545,15478,11571,14166,-982,18044,31976,33559,9042,19870,616038,-156677
Net migration,SM.POP.NETM,Iceland,ISL,-969,1874,1116,1477,4113,8316,6611,5152,2573,622,380,380
Net migration,SM.POP.NETM,India,IND,108465,-149966,-310694,-475094,68119,-219656,-561563,-593495,-34772,-301970,-487303,-486136
Net migration,SM.POP.NETM,Indonesia,IDN,11542,-42697,-37324,-37991,-38653,-39282,-39878,-40567,-24999,-14992,-49997,-49997
Net migration,SM.POP.NETM,"Iran, Islamic Rep.",IRN,1375419,394594,653255,628310,23759,7709,-29981,-34571,-156669,28080,-39998,-39998
Net migration,SM.POP.NETM,Iraq,IRQ,-601469,87624,10514,-19490,-75580,-9899,6660,-29880,71539,-60097,-6000,-6000
Net migration,SM.POP.NETM,Ireland,IRL,-8183,31230,714,13130,18978,29200,33647,29113,15320,15320,9999,9999
Net migration,SM.POP.NETM,Isle of Man,IMN,1266,978,-276,-231,107,275,272,239,235,517,340,340
Net migration,SM.POP.NETM,Israel,ISR,57467,27257,10836,12049,13263,14518,15615,16132,16569,16856,9999,9999
Net migration,SM.POP.NETM,Italy,ITA,21268,49166,50102,34031,49591,70475,75863,21615,28021,28021,58496,58496
Net migration,SM.POP.NETM,Jamaica,JAM,-26080,-18500,-11329,-11329,-11329,-11329,-11329,-11329,0,-5664,-10999,-10999
Net migration,SM.POP.NETM,Japan,JPN,26291,84477,139401,150215,156993,164070,177470,183953,87584,87584,99994,99994
Net migration,SM.POP.NETM,Jordan,JOR,66103,-26074,803008,490844,49192,41956,33554,28963,18092,14374,-141192,-157392
Net migration,SM.POP.NETM,Kazakhstan,KAZ,-108425,-43423,-6299,-12253,-7445,-15903,-31760,-37080,-12432,-18917,0,0
Net migration,SM.POP.NETM,Kenya,KEN,-11341,5407,-72415,-95981,-29727,-68704,-115434,-61946,-17106,-52549,-10000,-10000
Net migration,SM.POP.NETM,Kiribati,KIR,-445,-513,-977,-853,-838,-811,-776,-691,-296,-296,-400,-400
Net migration,SM.POP.NETM,"Korea, Dem. People's Rep.",PRK,0,-3139,-3039,-3200,-3218,-3222,-3223,-3139,-1589,-1589,-2000,-2000
Net migration,SM.POP.NETM,"Korea, Rep.",KOR,69252,-72624,296280,266322,102075,112523,118642,110799,0,43440,29998,29998
Net migration,SM.POP.NETM,Kosovo,XKX,-8387,-9176,-56637,-14819,-31383,-33495,-34137,-33469,-15050,-15050,-5000,-5000
Net migration,SM.POP.NETM,Kuwait,KWT,-1196051,19193,-84910,259114,-90785,140685,144967,9088,-254177,-36843,11999,11999
Net migration,SM.POP.NETM,Kyrgyz Republic,KGZ,-37094,-21139,-32933,-29468,-25279,-27796,-30717,-34270,-14307,-16510,-9999,-9999
Net migration,SM.POP.NETM,Lao PDR,LAO,-3100,-34009,-25666,-12995,-11401,-10400,-10303,-10303,-10303,-10303,-9999,-9999
Net migration,SM.POP.NETM,Latvia,LVA,-10252,-20514,-11830,-11163,-10340,-9498,-8632,-7903,-7381,-6815,-8466,-7630
Net migration,SM.POP.NETM,Lebanon,LBN,-6595,455,301113,-223722,-228173,-230947,-233520,-237572,-115146,-115122,-160237,-177331
Net migration,SM.POP.NETM,Lesotho,LSO,-12891,-23572,-5466,-4129,-3861,-3327,-3234,-2989,-1490,-1490,-4000,-4000
Net migration,SM.POP.NETM,Liberia,LBR,-712546,-2060,-26692,-15195,-26822,-24830,-23226,-19697,-10119,-11862,-5000,-5000
Net migration,SM.POP.NETM,Libya,LBY,947,31970,-1712,-7660,-5081,9208,5835,-1352,-696,-696,-2000,-2000
Net migration,SM.POP.NETM,Liechtenstein,LIE,217,208,173,141,175,172,193,178,189,231,150,150
Net migration,SM.POP.NETM,Lithuania,LTU,-7205,-31240,-20883,-18912,-17334,-15937,-14451,-13398,-12625,-11853,-15192,-13128
Net migration,SM.POP.NETM,Luxembourg,LUX,3925,4407,11181,11373,12535,9563,10096,10365,6952,6949,5222,4883
Net migration,SM.POP.NETM,"Macao SAR, China",MAC,7443,4134,6034,6465,6962,7727,8219,8578,8441,4004,5000,5000
Net migration,SM.POP.NETM,Madagascar,MDG,-1792,485,485,485,485,485,485,-1487,-742,-742,-1500,-1500
Net migration,SM.POP.NETM,Malawi,MWI,71114,-29032,-10309,-6449,-5498,-4795,-3706,-2228,-1775,-1775,-6000,-6000
Net migration,SM.POP.NETM,Malaysia,MYS,94487,174011,94785,80603,97737,78257,60604,60824,57483,46165,48997,48997
Net migration,SM.POP.NETM,Maldives,MDV,-243,133,12535,12526,12191,11665,10578,6690,1134,1189,-8011,-8652
Net migration,SM.POP.NETM,Mali,MLI,-68856,-17423,-50149,-48947,-30294,-33995,-40761,-44428,-14978,-22236,-39998,-39998
Net migration,SM.POP.NETM,Malta,MLT,606,1799,8474,9443,10239,10836,11180,11247,10854,10408,850,850
Net migration,SM.POP.NETM,Marshall Islands,MHL,-593,-1323,-1901,-1901,-1901,-1901,-1901,-1901,-1901,-1901,0,0
Net migration,SM.POP.NETM,Mauritania,MRT,-3002,-2997,-2984,-3018,-3009,-3001,-2987,-3018,-1494,-1494,3000,3000
Net migration,SM.POP.NETM,Mauritius,MUS,-1646,-2522,-2932,-2747,-2558,-2381,-2209,-1034,-478,-478,0,0
Net migration,SM.POP.NETM,Mexico,MEX,-286584,-356430,-100413,-82173,33094,-12438,-99430,-47764,-9949,-52649,-51399,-50239
Net migration,SM.POP.NETM,"Micronesia, Fed. Sts.",FSM,-995,-2688,-1482,-1415,-1348,-1283,-1283,-1283,-635,-635,-600,-600
Net migration,SM.POP.NETM,Moldova,MDA,-14931,-44421,-67173,-59404,-51633,-43868,-36088,-28328,-14278,-14278,462866,-125204
Net migration,SM.POP.NETM,Monaco,MCO,347,16,988,1019,416,416,416,416,206,206,200,200
Net migration,SM.POP.NETM,Mongolia,MNG,-11026,-10833,813,3932,7470,10802,11426,10664,0,0,-850,-850
Net migration,SM.POP.NETM,Montenegro,MNE,-1762,-4423,-1742,-1943,-2111,-1980,-2024,-1636,-1326,-101,-480,-480
Net migration,SM.POP.NETM,Morocco,MAR,-104908,-90376,-72062,-81202,-57256,-71807,-89007,-91959,-33807,-46242,-39998,-39998
Net migration,SM.POP.NETM,Mozambique,MOZ,-97330,-58468,31611,30414,77168,14804,-12765,-17639,11745,-9515,-5000,-5000
Net migration,SM.POP.NETM,Myanmar,MMR,-40864,-106816,-74923,-94128,-87935,-105438,-114634,-100810,-66228,-35382,-34998,-34998
Net migration,SM.POP.NETM,Namibia,NAM,3969,5709,-8607,-8596,-8596,-8597,-8596,-8596,-4301,-4301,-4061,-3916
Net migration,SM.POP.NETM,Nauru,NRU,71,-223,-31,-31,-31,-34,-39,-107,-68,-66,-140,-140
Net migration,SM.POP.NETM,Nepal,NPL,-650,-147403,-310157,-221059,-98016,-78062,-81130,-70597,306664,296541,-62012,-62012
Net migration,SM.POP.NETM,Netherlands,NLD,32373,21650,54876,57677,59528,60585,60758,60266,58816,57439,29998,29998
Net migration,SM.POP.NETM,New Caledonia,NCL,953,969,510,-2230,-2346,-2389,-2386,-2336,-1182,-1182,500,500
Net migration,SM.POP.NETM,New Zealand,NZL,71491,-6080,48532,47165,50012,48815,80419,103392,38220,38220,12999,12999
Net migration,SM.POP.NETM,Nicaragua,NIC,-24283,-42092,-25571,-24359,-23081,-21841,-20739,-19733,-10384,-10384,-8000,-8000
Net migration,SM.POP.NETM,Niger,NER,84,-8533,3883,17051,14833,-6827,-3816,-15787,-4403,-4405,1000,1000
Net migration,SM.POP.NETM,Nigeria,NGA,107212,34146,-49351,-145917,-54315,15016,-81384,-103989,-4824,-76364,-59996,-59996
Net migration,SM.POP.NETM,North Macedonia,MKD,-16174,5516,-1597,-1378,-1164,-1018,-1000,-987,-486,-486,-1000,-1000
Net migration,SM.POP.NETM,Northern Mariana Islands,MNP,-286,-1149,-884,-866,-852,-830,-817,-806,-431,-431,-50,-50
Net migration,SM.POP.NETM,Norway,NOR,1895,9789,38565,30329,26425,21584,18388,25564,10756,10604,27998,27998
Net migration,SM.POP.NETM,Oman,OMN,33492,-19889,75961,134260,118472,5777,-51177,-106864,-164408,-20664,0,0
Net migration,SM.POP.NETM,Pakistan,PAK,30184,940739,-2037911,-2172159,-2290411,-1574581,-1309609,-1177218,-588736,-471395,-165988,-165988
Net migration,SM.POP.NETM,Palau,PLW,169,79,-51,8,8,8,8,8,7,3,-20,-20
Net migration,SM.POP.NETM,Panama,PAN,-854,2602,7105,8648,10109,11059,11130,10623,5473,5473,7967,7262
Net migration,SM.POP.NETM,Papua New Guinea,PNG,2397,41857,32841,30581,28474,26515,24688,22977,10695,10695,-800,-800
Net migration,SM.POP.NETM,Paraguay,PRY,-4689,-15880,-16990,-16833,-16734,-16628,-16470,-16270,-8230,-8230,-12499,-12499
Net migration,SM.POP.NETM,Peru,PER,-35982,-94554,-50381,2462,80725,104242,326831,136558,79456,68012,-60652,-61442
Net migration,SM.POP.NETM,Philippines,PHL,-149089,-122971,-237890,6954,79051,36111,-15371,-24066,-41937,-80125,-69996,-69996
Net migration,SM.POP.NETM,Poland,POL,-41244,315602,-24234,-25426,-1967,-1983,-8736,-2974,-779,-2968,3366387,-910475
Net migration,SM.POP.NETM,Portugal,PRT,-33704,63195,-30033,-10124,-8128,5244,10177,43656,40535,27295,9999,9999
Net migration,SM.POP.NETM,Puerto Rico,PRI,-8238,-22489,-64956,-64764,-65824,-62275,-17320,-16013,-7408,-7408,16702,19835
Net migration,SM.POP.NETM,Qatar,QAT,5021,22039,179768,178133,138455,46900,11662,15493,-163999,-30801,0,0
Net migration,SM.POP.NETM,Romania,ROU,-39265,-91807,-20445,-49612,-64002,-58735,-57865,-25453,-12724,-12724,916813,-254616
Net migration,SM.POP.NETM,Russian Federation,RUS,257950,404928,260843,384942,373316,350105,336527,333509,340711,320617,942445,-136414
Net migration,SM.POP.NETM,Rwanda,RWA,-31720,-99860,-15027,-14477,-2605,-5169,-10794,-11823,-1579,-6112,-8999,-8999
Net migration,SM.POP.NETM,Samoa,WSM,-4286,-3020,-3161,-3137,-2772,-2824,-2739,-2469,-1060,-882,-1500,-1500
Net migration,SM.POP.NETM,San Marino,SMR,273,386,119,317,344,302,137,148,-138,41,100,100
Net migration,SM.POP.NETM,Sao Tome and Principe,STP,-724,-2512,-1794,-1800,-1786,-1775,-1758,-1718,0,-792,-600,-600
Net migration,SM.POP.NETM,Saudi Arabia,SAU,186898,17241,65520,60337,171429,282947,253245,241172,-1025295,-153883,28998,28998
Net migration,SM.POP.NETM,Senegal,SEN,-12986,-42952,-37405,-31006,-24720,-20576,-19973,-19973,-10090,-10091,-19999,-19999
Net migration,SM.POP.NETM,Serbia,SRB,-651,2082,8072,7368,5901,4465,3346,489,243,243,-9999,-9999
Net migration,SM.POP.NETM,Seychelles,SYC,-320,376,263,245,251,259,276,305,146,146,-200,-200
Net migration,SM.POP.NETM,Sierra Leone,SLE,131587,83013,485,-356,4657,1234,-2741,-2238,1292,-1544,-4000,-4000
Net migration,SM.POP.NETM,Singapore,SGP,44423,39387,60308,40958,36498,35449,35726,40624,21324,19321,26998,26998
Net migration,SM.POP.NETM,Sint Maarten (Dutch part),SXM,1402,-594,901,1027,969,-50,640,540,475,212,0,0
Net migration,SM.POP.NETM,Slovak Republic,SVK,-10132,-1135,1058,2637,3682,3542,3752,3378,1746,1746,425001,-112067
Net migration,SM.POP.NETM,Slovenia,SVN,1718,-1562,-225,7934,7684,7460,7559,7427,7681,4568,2000,2000
Net migration,SM.POP.NETM,Solomon Islands,SLB,-529,-2137,-1603,-1603,-1603,-1603,-1603,-1603,-808,-808,-1600,-1600
Net migration,SM.POP.NETM,Somalia,SOM,-248155,53580,6065,-17178,124017,38067,40844,48055,-11383,-17071,-30000,-30000
Net migration,SM.POP.NETM,South Africa,ZAF,231224,-80388,290874,644996,-866101,-10681,27265,22728,30852,10934,58496,58496
Net migration,SM.POP.NETM,South Sudan,SSD,12993,74224,-471614,-160109,-655870,-672697,-297041,2048,-74415,-31885,-30694,-23291
Net migration,SM.POP.NETM,Spain,ESP,-38206,175213,-94869,-871,89021,167475,339064,458942,208791,275022,39998,39998
Net migration,SM.POP.NETM,Sri Lanka,LKA,-36199,-91900,-97807,-98598,-98896,-98598,-97100,-94897,-92400,-92400,-77495,-77495
Net migration,SM.POP.NETM,St. Kitts and Nevis,KNA,-861,248,-191,-191,-191,-191,-191,-191,-191,-90,20,20
Net migration,SM.POP.NETM,St. Lucia,LCA,-1211,-773,0,0,0,0,0,0,0,0,0,0
Net migration,SM.POP.NETM,St. Martin (French part),MAF,2,159,-865,-662,-734,-816,-1356,-949,-949,-948,0,0
Net migration,SM.POP.NETM,St. Vincent and the Grenadines,VCT,-1915,-1618,-1295,-1295,-1295,-847,-807,-758,-379,-379,-200,-200
Net migration,SM.POP.NETM,Sudan,SDN,-227157,-80698,85052,49080,97646,189497,74198,-29450,86,-15223,-9999,-9999
Net migration,SM.POP.NETM,Suriname,SUR,-6471,613,-967,-976,-910,-948,-862,203,-313,-492,-1000,-1000
Net migration,SM.POP.NETM,Sweden,SWE,17724,27734,75670,77987,79667,80765,81492,81585,81066,80097,39998,39998
Net migration,SM.POP.NETM,Switzerland,CHE,58538,24066,77880,71488,70637,45208,40899,43546,53786,23872,39998,39998
Net migration,SM.POP.NETM,Syrian Arab Republic,SYR,-12182,-18458,-1457678,-827474,-133823,-293599,513647,500572,270006,212187,734304,757103
Net migration,SM.POP.NETM,Tajikistan,TJK,-41579,-13870,-21933,-18984,-16029,-13082,-10135,-7192,-3564,-3564,-19999,-19999
Net migration,SM.POP.NETM,Tanzania,TZA,-88284,-12539,-21079,201562,124444,101235,-56813,-64819,-15795,-4865,-39997,-39997
Net migration,SM.POP.NETM,Thailand,THA,130112,119074,55367,32595,76693,44063,9304,3758,35526,1133,18999,18999
Net migration,SM.POP.NETM,Timor-Leste,TLS,399,-12665,-1586,-5529,-5475,-5412,-5352,-5265,-3506,-1997,-5000,-5000
Net migration,SM.POP.NETM,Togo,TGO,59,4710,-1985,-1985,-1988,-1997,-1997,-1997,-995,-995,-2000,-2000
Net migration,SM.POP.NETM,Tonga,TON,-2068,-1617,-2524,-2495,-2206,-2106,-2023,-1898,-948,-948,-800,-800
Net migration,SM.POP.NETM,Trinidad and Tobago,TTO,-7878,-5185,-799,-583,-103,1446,35502,-19248,2370,2632,-800,-800
Net migration,SM.POP.NETM,Tunisia,TUN,7453,-17475,-26591,-25230,-23826,-22368,-21013,-19609,-9189,-9189,-4000,-4000
Net migration,SM.POP.NETM,Turkiye,TUR,-22662,-77647,703144,341261,375842,-252010,-261813,-218341,-80952,-69729,-301586,-318067
Net migration,SM.POP.NETM,Turkmenistan,TKM,798,-9473,-9609,-9612,-9616,-9616,-9614,-9612,-4502,-4503,-4000,-4000
Net migration,SM.POP.NETM,Turks and Caicos Islands,TCA,291,418,1005,1663,1312,1425,1403,1358,682,682,200,200
Net migration,SM.POP.NETM,Tuvalu,TUV,-37,-161,-152,-159,-170,-155,-57,-57,-15,-15,-60,-60
Net migration,SM.POP.NETM,Uganda,UGA,-21692,-52834,-92291,-62377,123381,92876,60723,107203,43465,43465,-118846,-126181
Net migration,SM.POP.NETM,Ukraine,UKR,49782,-77752,-65667,-21937,-54333,-50447,-33273,-7812,-2173,831,-6673580,1784718
Net migration,SM.POP.NETM,United Arab Emirates,ARE,64939,131735,-14954,-14154,-13520,-12895,-8582,-4466,-2762,-2762,0,0
Net migration,SM.POP.NETM,United Kingdom,GBR,-701,161157,261389,254218,246940,239014,230577,221179,211063,202027,165790,165790
Net migration,SM.POP.NETM,United States,USA,1421775,1479676,1250914,1221849,1449371,1377630,1200796,1158444,675560,561580,998540,999700
Net migration,SM.POP.NETM,Uruguay,URY,-7498,-11074,-4914,-4156,-3506,-3090,-2963,-2902,-1486,-1486,-1500,-1500
Net migration,SM.POP.NETM,Uzbekistan,UZB,-73485,-66569,-20382,-20380,-35209,-48561,-60066,-69397,-39203,-39201,-19999,-19999
Net migration,SM.POP.NETM,Vanuatu,VUT,-939,-458,-785,-756,-404,-403,-403,-403,-197,-197,0,0
Net migration,SM.POP.NETM,"Venezuela, RB",VEN,-80,-2004,-62437,-77421,-283326,-817764,-1356759,-976460,-525142,-525116,297713,321106
Net migration,SM.POP.NETM,Viet Nam,VNM,-10252,-150955,-4875,-4761,-4432,-3847,-3080,-4028,-2016,-992,-82700,-82700
Net migration,SM.POP.NETM,Virgin Islands (U.S.),VIR,-1583,-921,-748,-630,-526,-471,-458,-458,0,-224,-450,-450
Net migration,SM.POP.NETM,West Bank and Gaza,PSE,-476,-11501,-27076,-22904,-22774,-25452,-25137,-24737,-12369,-12369,-5000,-5000
Net migration,SM.POP.NETM,"Yemen, Rep.",YEM,-15868,-87753,-30048,-38355,-39688,-39672,-39699,-39769,-86100,-101468,-29998,-29914
Net migration,SM.POP.NETM,Zambia,ZMB,-40900,-5152,16580,16283,17285,20268,18019,18019,9015,9015,-5000,-5000
Net migration,SM.POP.NETM,Zimbabwe,ZWE,2355,-137321,-59918,-59918,-59918,-59918,-59918,-59918,-29955,-25005,-9999,-9999
Net migration,SM.POP.NETM,Africa Eastern and Southern,AFE,22815,-564510,-199608,394925,-864708,-343075,-366105,-187410,-48955,-179444,-274282,-271749
Net migration,SM.POP.NETM,Africa Western and Central,AFW,-529414,-22651,-280418,-360393,-167286,-200823,-255888,-328552,-99761,-264802,-186109,-183333
Net migration,SM.POP.NETM,Arab World,ARB,-2012275,-4273,-184490,-194516,3140,13305,511128,139844,-1585167,-458710,308780,298369
Net migration,SM.POP.NETM,Caribbean small states,CSS,-39640,-14327,-5417,-7210,-6483,-5941,30345,-23188,19,-4271,-3800,-3800
Net migration,SM.POP.NETM,Central Europe and the Baltics,CEB,-132482,123701,-88917,-99535,-110911,-76183,-61261,-19843,-29918,-20678,5316792,-1438382
Net migration,SM.POP.NETM,Early-demographic dividend,EAR,1283931,-1113011,-2698481,-2549801,-3227808,-3441642,-3454072,-3253155,-2212227,-1622432,-1002880,-988952
Net migration,SM.POP.NETM,East Asia & Pacific,EAS,78472,-512945,325445,522034,539479,414719,205151,232677,180870,9227,-180381,-178933
Net migration,SM.POP.NETM,East Asia & Pacific (excluding high income),EAP,-229799,-721181,-472479,-234956,-77701,-220856,-456701,-470341,-114694,-323528,-538239,-536811
Net migration,SM.POP.NETM,East Asia & Pacific (IDA & IBRD countries),TEA,-229559,-718186,-469522,-231779,-74506,-217660,-453509,-467301,-113166,-322002,-536399,-534971
Net migration,SM.POP.NETM,Euro area,EMU,585770,501546,472321,662689,767714,869679,1013915,1090026,778873,808829,844095,311907
Net migration,SM.POP.NETM,Europe & Central Asia,ECS,353755,778557,1504844,1514027,1586627,1026421,1142576,1314636,1259036,1242327,422101,409205
Net migration,SM.POP.NETM,Europe & Central Asia (excluding high income),ECA,-480736,-597162,346768,86400,83806,-550839,-559236,-499675,-224890,-219256,-6575967,1243190
Net migration,SM.POP.NETM,Europe & Central Asia (IDA & IBRD countries),TEC,-339957,-30525,534556,367540,362637,-288666,-314596,-218512,80824,66551,-1357122,-65115
Net migration,SM.POP.NETM,European Union,EUU,516313,773989,526035,692113,788042,920207,1075197,1192639,872273,910755,5820541,-932653
Net migration,SM.POP.NETM,Fragile and conflict affected situations,FCS,-1527207,-1462769,-1763697,-2270270,-1476682,-2323259,-1882885,-1470507,-499924,-1269284,-6272447,2227475
Net migration,SM.POP.NETM,Heavily indebted poor countries (HIPC),HPC,-1673421,-1651682,-34392,-589781,370860,50447,-243350,-472979,60641,-537784,-518316,-520272
Net migration,SM.POP.NETM,High income,HIC,1811883,3427204,3665577,4300501,4331563,4628717,4678319,4404183,1118976,2434797,8608286,776639
Net migration,SM.POP.NETM,IBRD only,IBD,200789,-1082195,1715377,1009204,-497080,-834208,-1641911,-1656943,-195490,-812359,-2747421,-1476459
Net migration,SM.POP.NETM,IDA & IBRD total,IBT,-1709368,-2837319,-3390948,-3920998,-3881315,-4107687,-4083655,-3891454,-689611,-2014843,-3446541,-2147128
Net migration,SM.POP.NETM,IDA blend,IDB,33746,846368,-2155446,-2469015,-2470983,-1787873,-1647753,-1495696,-699442,-682175,-287968,-287206
Net migration,SM.POP.NETM,IDA only,IDX,-1943903,-2601492,-2950879,-2461187,-913252,-1485606,-793991,-738815,205321,-520309,-411152,-383463
Net migration,SM.POP.NETM,IDA total,IDA,-1910157,-1755124,-5106325,-4930202,-3384235,-3273479,-2441744,-2234511,-494121,-1202484,-699120,-670669
Net migration,SM.POP.NETM,Late-demographic dividend,LTE,-1633001,-252503,164919,174084,152609,494417,433752,45880,-128646,60109,5247944,-2428055
Net migration,SM.POP.NETM,Latin America & Caribbean,LCN,-635393,-933168,-494419,-424043,-139806,-281608,-338149,-424522,-163087,-273494,-175350,-161670
Net migration,SM.POP.NETM,Latin America & Caribbean (excluding high income),LAC,-580828,-887172,-417951,-339557,78679,377456,696616,380712,261813,141522,-426651,-434430
Net migration,SM.POP.NETM,Latin America & the Caribbean (IDA & IBRD countries),TLA,-611893,-885591,-418607,-349708,-63719,-208064,-335073,-388361,-150854,-260632,-188081,-177527
Net migration,SM.POP.NETM,Least developed countries: UN classification,LDC,-1705165,-2269068,-1134842,-1332653,-475522,-891749,-1047798,-926524,96382,-522065,-1007079,-1001888
Net migration,SM.POP.NETM,Low & middle income,LMY,-1819478,-3420409,-3608376,-4218313,-4043968,-3813247,-3325211,-3431626,-596701,-1912537,-8910596,-1102366
Net migration,SM.POP.NETM,Low income,LIC,-1546998,-1423135,-1894141,-1696194,-467727,-889608,98978,211518,272582,-343175,284413,311966
Net migration,SM.POP.NETM,Lower middle income,LMC,-367666,-837260,-2645764,-3562894,-2933199,-2794985,-3459029,-3358742,-969809,-1393606,-1988789,-2019645
Net migration,SM.POP.NETM,Middle East & North Africa,MEA,-99275,452463,401511,427751,-167117,-175273,398806,119982,-1699850,-367806,318630,308219
Net migration,SM.POP.NETM,Middle East & North Africa (excluding high income),MNA,743748,246824,124496,-240681,-543722,-693065,25497,-44693,-67916,-140967,266784,256373
Net migration,SM.POP.NETM,Middle East & North Africa (IDA & IBRD countries),TMN,744224,258325,151572,-217777,-520948,-667613,50634,-19956,-55547,-128598,271784,261373
Net migration,SM.POP.NETM,Middle income,MIC,-272480,-1997274,-1714235,-2522119,-3576241,-2923639,-3424189,-3643144,-869283,-1569362,-9195009,-1414332
Net migration,SM.POP.NETM,North America,NAC,1566949,1681226,1446330,1454272,1769865,1739131,1619076,1550648,871032,757052,1247126,1249446
Net migration,SM.POP.NETM,Not classified,INX,..,..,..,..,..,..,..,..,..,..,..,..
Net migration,SM.POP.NETM,OECD members,OED,2211593,2489277,3672517,3531505,4167539,3998196,4044566,4085765,2540918,2433502,6095042,488694
Net migration,SM.POP.NETM,Other small states,OSS,53092,-1969,41575,36982,38026,46033,12934,-5863,-40766,-2224,-16750,-16897
Net migration,SM.POP.NETM,Pacific island small states,PSS,-20264,-18142,-23690,-23389,-22404,-22717,-22554,-22269,-11924,-11748,-8677,-8409
Net migration,SM.POP.NETM,Post-demographic dividend,PST,2622897,2522425,3068657,3241249,3458467,3525765,3589262,3675644,2267432,2195799,-3727154,3930203
Net migration,SM.POP.NETM,Pre-demographic dividend,PRE,-2221922,-1126792,-515267,-877524,-379760,-577864,-594290,-457552,57214,-647431,-542887,-538217
Net migration,SM.POP.NETM,Small states,SST,-6812,-34438,12468,6383,9139,17375,20725,-51320,-52671,-18243,-29227,-29106
Net migration,SM.POP.NETM,South Asia,SAS,-765584,-874181,-2708921,-3523806,-2552785,-2181786,-2409118,-2281362,-302152,-925916,-1176332,-1175806
Net migration,SM.POP.NETM,South Asia (IDA & IBRD),TSA,-765584,-874181,-2708921,-3523806,-2552785,-2181786,-2409118,-2281362,-302152,-925916,-1176332,-1175806
Net migration,SM.POP.NETM,Sub-Saharan Africa,SSF,-506599,-587161,-480026,34532,-1031994,-543898,-621993,-515962,-148716,-444246,-460391,-455082
Net migration,SM.POP.NETM,Sub-Saharan Africa (excluding high income),SSA,-506279,-587537,-480289,34287,-1032245,-544157,-622269,-516267,-148862,-444392,-460191,-454882
Net migration,SM.POP.NETM,Sub-Saharan Africa (IDA & IBRD countries),TSS,-506599,-587161,-480026,34532,-1031994,-543898,-621993,-515962,-148716,-444246,-460391,-455082
Net migration,SM.POP.NETM,Upper middle income,UMC,95186,-1160014,931529,1040775,-643042,-128654,34840,-284402,100526,-175756,-7206220,605313
Net migration,SM.POP.NETM,World,WLD,0,0,0,0,0,0,0,0,0,0,0,0
,,,,,,,,,,,,,,,
,,,,,,,,,,,,,,,
,,,,,,,,,,,,,,,
Data from database: World Development Indicators,,,,,,,,,,,,,,,
Last Updated: 09/19/2024,,,,,,,,,,,,,,,
Code,License Type,Indicator Name,Short definition,Long definition,Source,Topic,Periodicity,Aggregation method,Statistical concept and methodology,Development relevance,Limitations and exceptions,License URL
SM.POP.NETM,CC BY-4.0,Net migration,"Net migration is the number of immigrants minus the number of emigrants, including citizens and noncitizens.","Net migration is the net total of migrants during the period, that is, the number of immigrants minus the number of emigrants, including both citizens and noncitizens.",United Nations Population Division. World Population Prospects: 2022 Revision.,Social Protection & Labor: Migration,Annual,Sum,"The United Nations Population Division provides data on net migration and migrant stock. Because data on migrant stock is difficult for countries to collect, the United Nations Population Division takes into account the past migration history of a country or area, the migration policy of a country, and the influx of refugees in recent periods when deriving estimates of net migration. The data to calculate these estimates come from a variety of sources, including border statistics, administrative records, surveys, and censuses.

When there is insufficient data, net migration is derived through the difference between the overall population growth rate and the rate of natural increase (the difference between the birth rate and the death rate) during the same period. Such calculations are usually made for intercensal periods. The estimates are also derived from the data on foreign-born population - people who have residence in one country but were born in another country. When data on the foreign-born population are not available, data on foreign population - that is, people who are citizens of a country other than the country in which they reside - are used as estimates.","Movement of people, most often through migration, is a significant part of global integration. Migrants contribute to the economies of both their host country and their country of origin. Yet reliable statistics on migration are difficult to collect and are often incomplete, making international comparisons a challenge.

Global migration patterns have become increasingly complex in modern times, involving not just refugees, but also millions of economic migrants. In most developed countries, refugees are admitted for resettlement and are routinely included in population counts by censuses or population registers.

But refugees and migrants, even if they often travel in the same way, are fundamentally different, and for that reason are treated very differently under modern international law. Migrants, especially economic migrants, choose to move in order to improve the future prospects of themselves and their families. Refugees have to move if they are to save their lives or preserve their freedom.","International migration is the component of population change most difficult to measure and estimate reliably. Thus, the quality and quantity of the data used in the estimation and projection of net migration varies considerably by country. Furthermore, the movement of people across international boundaries, which is very often a response to changing socio-economic, political and environmental forces, is subject to a great deal of volatility. Refugee movements, for instance, may involve large numbers of people moving across boundaries in a short time. For these reasons, projections of future international migration levels are the least robust part of current population projections and reflect mainly a continuation of recent levels and trends in net migration.",https://datacatalog.worldbank.org/public-licenses#cc-by
